Open time,Open,High,Low,Close,Volume,Close time,Quote asset volume,Number of trades,Taker buy base asset volume,Taker buy quote asset volume,Ignore
1673845200000,21147.98000000,21216.70000000,21119.05000000,21187.16000000,6954.41915000,1673848799999,147198584.40158580,212925,3511.07101000,74318674.83412370,0
1673848800000,21187.89000000,21260.00000000,21106.96000000,21149.80000000,10204.48252000,1673852399999,215982782.50536000,275289,4987.49439000,105573816.10682360,0
1673852400000,21149.80000000,21159.70000000,21066.23000000,21109.23000000,7602.55388000,1673855999999,160416026.73763300,228737,3674.88850000,77544148.14669610,0
1673856000000,21109.40000000,21113.22000000,20666.00000000,20747.70000000,24188.23332000,1673859599999,503274192.67459360,473418,11633.38614000,242022498.26697300,0
1673859600000,20746.75000000,20840.00000000,20720.00000000,20824.08000000,9658.96868000,1673863199999,200817742.82985860,245721,4833.05455000,100489301.48631460,0
1673863200000,20824.55000000,20900.00000000,20800.00000000,20850.68000000,8590.12146000,1673866799999,179068429.52331160,239419,4386.64109000,91452388.07649510,0
1673866800000,20850.31000000,20860.40000000,20781.11000000,20817.56000000,7020.44092000,1673870399999,146215644.91061820,215352,3291.56115000,68556909.12516680,0
1673870400000,20816.63000000,20867.41000000,20777.04000000,20787.54000000,6680.21021000,1673873999999,139125527.88195910,203746,3253.44192000,67764341.70912030,0
1673874000000,20787.54000000,20870.00000000,20766.35000000,20827.47000000,7183.28414000,1673877599999,149580974.80609980,207331,3569.80926000,74342762.43343690,0
1673877600000,20827.47000000,20894.00000000,20756.00000000,20860.68000000,10008.38954000,1673881199999,208620741.59891240,257736,4958.92909000,103372361.80702960,0
1673881200000,20860.68000000,21053.89000000,20611.48000000,20994.17000000,26139.39635000,1673884799999,545881988.03228150,473680,13140.33436000,274463909.20328480,0
1673884800000,20995.37000000,21050.00000000,20916.43000000,20998.50000000,11603.50524000,1673888399999,243506972.15018950,282530,5716.48666000,119969822.64962120,0
1673888400000,20998.50000000,21176.50000000,20985.33000000,21103.99000000,13455.47666000,1673891999999,283457055.46101990,295720,6785.92972000,142963835.88566730,0
1673892000000,21102.71000000,21296.37000000,21053.55000000,21281.97000000,12337.10199000,1673895599999,260903301.19760240,269429,6271.04113000,132632833.49409310,0
1673895600000,21281.96000000,21414.42000000,21216.00000000,21308.57000000,20188.95342000,1673899199999,430534694.84849620,397692,10006.61748000,213410465.39427470,0
1673899200000,21307.29000000,21474.05000000,21216.05000000,21292.00000000,13665.81287000,1673902799999,291229781.07588760,287251,6652.70115000,141805073.35607710,0
1673902800000,21292.00000000,21294.00000000,21048.16000000,21132.36000000,11788.13722000,1673906399999,249454268.67642230,270416,5700.33445000,120625490.72532670,0
1673906400000,21133.34000000,21224.12000000,21127.04000000,21185.89000000,5784.32972000,1673909999999,122508782.11096640,166180,2982.26990000,63164502.42123030,0
1673910000000,21185.89000000,21227.00000000,21097.27000000,21185.65000000,6157.30499000,1673913599999,130345599.99239640,162888,2975.97495000,63002256.06394140,0
1673913600000,21185.65000000,21299.04000000,21064.56000000,21109.52000000,16464.46502000,1673917199999,348531137.11477970,372425,8214.40053000,173899112.95751770,0
1673917200000,21108.16000000,21146.13000000,20841.31000000,21041.30000000,13930.22817000,1673920799999,292585722.76786380,344888,6941.85875000,145810352.94291350,0
1673920800000,21039.96000000,21110.86000000,20986.34000000,21102.13000000,6781.60315000,1673924399999,142759743.49899450,211668,3485.73387000,73382233.86390140,0
1673924400000,21102.13000000,21173.40000000,21061.93000000,21124.57000000,6278.46750000,1673927999999,132538386.02085190,202946,3181.26152000,67159123.94406280,0
1673928000000,21124.57000000,21236.62000000,21102.02000000,21159.29000000,8071.76476000,1673931599999,170845196.58354340,228025,3930.78356000,83200061.90709130,0
1673931600000,21159.29000000,21185.87000000,21130.00000000,21151.21000000,5747.39242000,1673935199999,121594810.72637640,195139,2849.79623000,60294674.41709010,0
1673935200000,21151.21000000,21156.28000000,21063.52000000,21075.27000000,5862.87157000,1673938799999,123827925.89832160,190312,2784.73617000,58818564.86284150,0
1673938800000,21076.50000000,21177.14000000,21060.80000000,21133.65000000,8038.47098000,1673942399999,169711464.68071290,235296,4072.26727000,85978588.65723290,0
1673942400000,21133.65000000,21214.18000000,21128.59000000,21200.95000000,7970.93276000,1673945999999,168785198.10044860,240275,3947.25967000,83586141.54487340,0
1673946000000,21199.51000000,21249.46000000,21145.00000000,21174.92000000,7959.74132000,1673949599999,168604701.27587380,220443,4077.24079000,86366364.06018210,0
1673949600000,21173.90000000,21181.88000000,21082.48000000,21129.69000000,8319.63168000,1673953199999,175807845.53170350,221963,4038.99010000,85356045.84435110,0
1673953200000,21130.43000000,21236.74000000,21103.00000000,21219.75000000,8516.60096000,1673956799999,180307709.63941240,239001,4336.69151000,91814551.35732300,0
1673956800000,21219.21000000,21352.00000000,21190.27000000,21252.23000000,13590.02744000,1673960399999,289003001.44670470,320144,6852.41611000,145727560.36743460,0
1673960400000,21253.23000000,21271.18000000,21177.42000000,21235.07000000,8864.68824000,1673963999999,188168063.29703730,234008,4237.62984000,89954616.32784000,0
1673964000000,21235.07000000,21647.45000000,21056.00000000,21281.66000000,40856.89672000,1673967599999,869240132.64624490,671918,20923.16956000,445236601.06351720,0
1673967600000,21281.66000000,21389.48000000,21030.00000000,21176.06000000,23792.89942000,1673971199999,505001730.31758540,423228,11623.00451000,246739106.11897300,0
1673971200000,21176.06000000,21250.00000000,21084.00000000,21162.92000000,14338.97407000,1673974799999,303406194.12990520,293834,7008.40484000,148308841.80321950,0
1673974800000,21161.92000000,21246.15000000,21086.00000000,21220.78000000,10081.28681000,1673978399999,213336523.57809050,239500,5018.18136000,106208572.10814980,0
1673978400000,21222.39000000,21412.00000000,21184.95000000,21362.89000000,12955.34767000,1673981999999,275925059.18674270,285233,6719.52648000,143134101.55190400,0
1673982000000,21362.89000000,21383.14000000,21283.27000000,21336.46000000,11282.92286000,1673985599999,240737493.28803170,238846,5432.75354000,115921538.09390890,0
1673985600000,21336.46000000,21398.48000000,21263.22000000,21390.44000000,10341.90563000,1673989199999,220709373.36743170,232045,5127.25013000,109429805.21718500,0
1673989200000,21391.82000000,21413.15000000,21274.56000000,21312.63000000,8660.07552000,1673992799999,184655553.57598990,207039,4246.42431000,90547754.37370940,0
1673992800000,21312.63000000,21339.99000000,21206.63000000,21232.38000000,6080.38445000,1673996399999,129428015.92295100,158792,2943.59705000,62660493.30764300,0
1673996400000,21232.38000000,21275.00000000,21121.71000000,21134.81000000,10620.16497000,1673999999999,225074786.89449580,233170,5128.26541000,108692367.55616530,0
1674000000000,21132.29000000,21242.55000000,21103.15000000,21202.97000000,9357.75343000,1674003599999,198188018.20501710,247996,4699.62296000,99534411.91211950,0
1674003600000,21202.42000000,21264.98000000,21175.00000000,21243.96000000,8085.67819000,1674007199999,171579668.92483420,225710,4134.91604000,87748399.84247500,0
1674007200000,21243.96000000,21352.46000000,21152.00000000,21292.56000000,12814.49515000,1674010799999,272356833.68974270,312450,6414.02524000,136333153.84929860,0
1674010800000,21293.76000000,21377.44000000,21255.69000000,21258.54000000,10043.27270000,1674014399999,214056171.99448280,262374,4951.86445000,105547494.69566950,0
1674014400000,21257.00000000,21301.23000000,21228.54000000,21279.61000000,6556.92986000,1674017999999,139459958.81485780,194590,3289.78021000,69972584.71017090,0
1674018000000,21279.61000000,21320.00000000,21254.27000000,21311.33000000,6574.57324000,1674021599999,139967917.31261720,191840,3290.31236000,70050861.98888130,0
1674021600000,21311.32000000,21316.24000000,21244.88000000,21261.76000000,6388.56334000,1674025199999,135924538.11115920,200227,3129.60003000,66585484.30515970,0
1674025200000,21261.03000000,21308.42000000,21246.43000000,21307.94000000,7177.36036000,1674028799999,152717881.40150970,209934,3695.79887000,78641337.94334850,0
1674028800000,21307.94000000,21316.77000000,21210.00000000,21249.31000000,8696.92487000,1674032399999,184882314.45922950,256511,4088.14566000,86909968.67194820,0
1674032400000,21249.31000000,21282.00000000,21151.00000000,21230.09000000,10040.50708000,1674035999999,213132970.36492290,260902,4728.07856000,100378856.55137460,0
1674036000000,21230.54000000,21257.31000000,21164.51000000,21183.83000000,7483.79637000,1674039599999,158784172.24070670,219742,3592.53984000,76225739.57775200,0
1674039600000,21183.02000000,21237.47000000,21172.90000000,21204.67000000,7004.18279000,1674043199999,148539721.25530240,203053,3542.38381000,75126010.05370570,0
1674043200000,21204.67000000,21295.97000000,21202.57000000,21259.18000000,7787.02842000,1674046799999,165414687.06735580,219305,4033.70578000,85687287.74729270,0
1674046800000,21260.13000000,21471.27000000,21196.03000000,21403.31000000,23163.62002000,1674050399999,494208154.10710690,453801,11740.17087000,250493719.61459180,0
1674050400000,21403.31000000,21650.00000000,21314.12000000,21424.30000000,31303.98521000,1674053999999,671554538.54375600,573017,15691.40813000,336658995.02050200,0
1674054000000,21424.30000000,21560.00000000,20842.00000000,21042.73000000,35284.17703000,1674057599999,749053749.19029650,604930,16670.87291000,353922742.35381730,0
1674057600000,21042.73000000,21042.73000000,20407.15000000,20845.47000000,47359.39116000,1674061199999,981914638.43810560,854944,23510.16391000,487522779.65769750,0
1674061200000,20849.89000000,21136.80000000,20743.53000000,20887.85000000,37531.04770000,1674064799999,785707914.78526880,643747,18435.76064000,385998817.44434050,0
1674064800000,20887.85000000,21063.52000000,20840.81000000,20936.83000000,18670.06218000,1674068399999,390906860.36706470,349595,8989.24793000,188228110.35535710,0
1674068400000,20936.37000000,20980.00000000,20881.19000000,20906.54000000,8985.84095000,1674071999999,188118834.52420570,219596,4262.40360000,89237066.43929090,0
1674072000000,20905.37000000,20938.67000000,20666.79000000,20732.60000000,15186.90879000,1674075599999,315905964.78981240,306109,7479.12844000,155586646.01237300,0
1674075600000,20731.35000000,20841.18000000,20712.96000000,20780.36000000,9302.66328000,1674079199999,193305632.82048350,199461,4755.24497000,98813348.46148420,0
1674079200000,20780.36000000,20815.00000000,20624.02000000,20805.80000000,6866.48186000,1674082799999,142372950.94837620,185439,3432.97541000,71190143.94977010,0
1674082800000,20805.80000000,20818.01000000,20642.69000000,20677.47000000,9250.77551000,1674086399999,191665102.89051150,221900,4616.26628000,95643847.15779440,0
1674086400000,20677.47000000,20764.64000000,20660.15000000,20694.01000000,10490.32223000,1674089999999,217305499.95457730,273083,5338.61752000,110593196.67657510,0
1674090000000,20694.64000000,20775.85000000,20676.32000000,20716.95000000,8379.63472000,1674093599999,173744792.50986510,233775,4166.63252000,86392312.39877000,0
1674093600000,20716.95000000,20777.82000000,20659.19000000,20763.66000000,8783.78767000,1674097199999,182065750.54944780,231474,4428.16319000,91789151.38971040,0
1674097200000,20763.32000000,20817.85000000,20742.30000000,20748.04000000,9613.76916000,1674100799999,199725088.93686430,237390,4688.38444000,97402788.92019520,0
1674100800000,20748.04000000,20874.81000000,20742.71000000,20810.18000000,8614.82240000,1674104399999,179278640.82193120,213613,4325.08213000,90007304.74239620,0
1674104400000,20810.53000000,20851.14000000,20793.34000000,20814.82000000,6082.19494000,1674107999999,126621234.12654410,170568,3013.53359000,62737858.57890010,0
1674108000000,20814.82000000,20856.00000000,20799.00000000,20828.59000000,6862.69674000,1674111599999,142951383.71636010,198926,3547.23567000,73891509.47048250,0
1674111600000,20829.12000000,20848.83000000,20803.39000000,20818.95000000,7288.91229000,1674115199999,151803903.32633220,201756,3635.09332000,75708344.63676540,0
1674115200000,20818.94000000,20846.75000000,20758.00000000,20769.06000000,9573.54624000,1674118799999,199163920.84920140,230486,4538.51128000,94423363.81699690,0
1674118800000,20769.06000000,20810.00000000,20730.58000000,20795.39000000,8720.29962000,1674122399999,181179279.97268000,227206,4335.11727000,90072218.01034650,0
1674122400000,20794.73000000,20802.97000000,20749.98000000,20796.47000000,7640.40190000,1674125999999,158744397.83534720,197256,3743.91537000,77789779.63337380,0
1674126000000,20796.47000000,20799.83000000,20706.90000000,20743.72000000,9588.19257000,1674129599999,198903350.41893260,238216,4609.09061000,95611659.46104620,0
1674129600000,20744.17000000,20775.71000000,20679.65000000,20727.03000000,10629.26480000,1674133199999,220415747.90624900,249450,5248.80447000,108849058.62600560,0
1674133200000,20728.30000000,20813.98000000,20660.80000000,20776.95000000,14871.00227000,1674136799999,308410080.50635870,319878,7433.56466000,154170891.72732540,0
1674136800000,20776.06000000,20883.80000000,20718.83000000,20799.40000000,17213.76998000,1674140399999,357782184.28287700,328462,8514.93625000,176993164.84529390,0
1674140400000,20799.98000000,20960.23000000,20785.00000000,20876.44000000,18617.72318000,1674143999999,388804075.32235260,344861,8972.69211000,187388153.79006700,0
1674144000000,20876.44000000,20926.84000000,20826.76000000,20875.41000000,11822.69262000,1674147599999,246839944.68476070,244181,5910.58047000,123407264.04706520,0
1674147600000,20874.69000000,20944.71000000,20791.13000000,20841.16000000,11692.45119000,1674151199999,244139234.46765200,238854,5641.65276000,117806000.29874830,0
1674151200000,20841.16000000,21023.11000000,20831.08000000,20977.73000000,12709.10267000,1674154799999,265806499.85898960,263406,6704.07349000,140219759.33479000,0
1674154800000,20978.76000000,21142.07000000,20949.34000000,21090.95000000,15284.71294000,1674158399999,321933607.57446330,303510,7787.65382000,164034382.54483330,0
1674158400000,21092.10000000,21192.00000000,21036.76000000,21102.44000000,14030.55870000,1674161999999,296340433.37389960,289308,6851.88467000,144726212.20419510,0
1674162000000,21102.44000000,21115.28000000,20919.31000000,20932.98000000,8902.78114000,1674165599999,187125103.28459420,213061,4353.27475000,91512231.17210090,0
1674165600000,20933.65000000,21083.57000000,20930.01000000,21065.23000000,6648.58457000,1674169199999,139665307.91255680,175448,3543.62890000,74440211.04570200,0
1674169200000,21065.84000000,21125.43000000,21015.81000000,21071.59000000,7324.62471000,1674172799999,154274867.81836380,195764,3592.11110000,75663056.71734300,0
1674172800000,21071.59000000,21121.42000000,21028.95000000,21054.74000000,9394.96625000,1674176399999,197927428.91811280,256594,4666.66203000,98317853.13596810,0
1674176400000,21054.02000000,21151.67000000,21013.96000000,21117.28000000,9324.69056000,1674179999999,196663730.12750630,221857,4598.13984000,96979021.22352730,0
1674180000000,21116.44000000,21219.60000000,21078.55000000,21079.66000000,11547.13357000,1674183599999,244053236.05801270,256823,5803.12447000,122662412.42841680,0
1674183600000,21079.66000000,21113.61000000,21058.02000000,21087.74000000,6874.54009000,1674187199999,144994917.05746780,187374,3555.16792000,74986065.08051940,0
1674187200000,21087.74000000,21127.33000000,20972.24000000,20991.01000000,9914.72397000,1674190799999,208777000.65522880,238661,4826.61341000,101642383.72497470,0
1674190800000,20991.01000000,21037.78000000,20953.23000000,20982.27000000,10111.85773000,1674194399999,212253647.71751310,233904,5012.19973000,105211534.95709140,0
1674194400000,20983.09000000,20999.80000000,20926.14000000,20943.73000000,8809.62263000,1674197999999,184709416.44899480,220658,4236.13847000,88820489.89855170,0
1674198000000,20943.73000000,20987.00000000,20861.28000000,20959.44000000,9639.22592000,1674201599999,201909531.04816640,243887,4874.97882000,102116547.86449400,0
1674201600000,20958.43000000,20976.35000000,20898.79000000,20946.15000000,8841.85973000,1674205199999,185160234.06481280,226066,4496.09461000,94154108.92580120,0
1674205200000,20946.98000000,20993.99000000,20905.22000000,20959.17000000,8313.07021000,1674208799999,174175897.26437960,220200,4115.24208000,86225940.39018520,0
1674208800000,20959.76000000,20970.30000000,20915.41000000,20962.16000000,8504.89676000,1674212399999,178111402.20314680,213280,4183.83587000,87620120.98333700,0
1674212400000,20962.68000000,20984.87000000,20935.17000000,20963.51000000,7633.03625000,1674215999999,160026921.85954830,205674,3739.70250000,78404737.01807800,0
1674216000000,20963.34000000,21127.28000000,20955.53000000,21089.54000000,13835.90061000,1674219599999,291224226.79279710,296821,6931.94052000,145904982.29937770,0
1674219600000,21088.82000000,21147.00000000,21041.41000000,21058.68000000,12991.81511000,1674223199999,273987445.79389640,294650,6398.26863000,134941747.74552250,0
1674223200000,21059.71000000,21168.69000000,21013.73000000,21153.97000000,18814.44356000,1674226799999,396885782.07346030,370893,9446.68721000,199289196.22083130,0
1674226800000,21153.00000000,21247.55000000,21105.99000000,21144.77000000,18076.41381000,1674230399999,382536522.46398020,382861,8840.24168000,187093638.04741280,0
1674230400000,21145.05000000,21415.64000000,21140.99000000,21313.29000000,20597.49818000,1674233999999,438106321.09121670,418653,10828.32558000,230344115.63017810,0
1674234000000,21313.29000000,21410.00000000,21279.90000000,21353.61000000,15591.76820000,1674237599999,332974281.47901650,326089,7589.73411000,162088731.02026660,0
1674237600000,21353.62000000,21437.30000000,21290.57000000,21384.49000000,16897.42332000,1674241199999,360986072.32394030,322033,8390.41882000,179263041.94114880,0
1674241200000,21385.52000000,21529.00000000,21356.70000000,21496.67000000,15675.31388000,1674244799999,335748759.44584550,324234,7970.33338000,170738715.70491660,0
1674244800000,21496.67000000,22385.41000000,21495.75000000,22288.37000000,38250.58144000,1674248399999,840805979.86671480,696931,20232.55280000,444682929.44550180,0
1674248400000,22288.91000000,22448.00000000,22207.78000000,22315.41000000,20584.70342000,1674251999999,459077698.09965650,434723,10494.69223000,234064998.21784830,0
1674252000000,22316.49000000,22729.99000000,22313.66000000,22595.08000000,22178.63430000,1674255599999,500039516.57435320,461070,11165.46466000,251716151.91329040,0
1674255600000,22593.98000000,22755.93000000,22537.80000000,22667.21000000,15675.01709000,1674259199999,355036920.28276500,328499,7803.48932000,176769434.45368890,0
1674259200000,22666.00000000,22792.86000000,22422.00000000,22576.17000000,20472.44380000,1674262799999,462693303.52575110,452985,10076.95976000,227757795.89850040,0
1674262800000,22576.86000000,22618.78000000,22551.72000000,22563.99000000,9118.09170000,1674266399999,205965441.39935560,246912,4516.60810000,102028343.89583620,0
1674266400000,22563.04000000,22623.21000000,22508.33000000,22551.05000000,9133.08428000,1674269999999,206248372.62662010,223368,4596.02784000,103791518.94073160,0
1674270000000,22551.05000000,22571.40000000,22492.68000000,22547.35000000,7966.30050000,1674273599999,179604621.62861220,211894,3997.60046000,90129979.53739900,0
1674273600000,22547.83000000,22643.65000000,22514.60000000,22597.96000000,8799.63999000,1674277199999,198761165.80472930,225729,4415.38255000,99731261.54259320,0
1674277200000,22597.96000000,22621.39000000,22562.84000000,22573.98000000,6273.14562000,1674280799999,141699414.89172110,178986,2962.11878000,66910987.97436240,0
1674280800000,22573.99000000,22622.99000000,22554.72000000,22620.93000000,7304.81276000,1674284399999,165067799.86248060,216794,3663.96656000,82797483.87514570,0
1674284400000,22620.42000000,22670.00000000,22600.74000000,22638.36000000,8626.60818000,1674287999999,195236840.38669370,243075,4249.98390000,96187825.61925450,0
1674288000000,22638.36000000,22776.31000000,22626.62000000,22700.63000000,14325.75294000,1674291599999,325350201.40360660,334878,6976.75525000,158453127.94479450,0
1674291600000,22700.62000000,23100.00000000,22685.48000000,23037.49000000,21435.26207000,1674295199999,489812811.81575040,449451,11011.72036000,251642252.22066410,0
1674295200000,23037.46000000,23335.77000000,22595.23000000,22777.52000000,49733.13453000,1674298799999,1142651158.51571690,809870,24896.63294000,571969878.39390280,0
1674298800000,22778.51000000,22953.93000000,22652.61000000,22905.65000000,16879.35557000,1674302399999,385211716.66304380,354424,8563.43626000,195438386.16294310,0
1674302400000,22907.01000000,23087.63000000,22888.00000000,23039.50000000,16479.91424000,1674305999999,378864148.29770530,364929,8210.09695000,188757564.70282190,0
1674306000000,23041.12000000,23050.00000000,22851.94000000,22930.04000000,13004.21114000,1674309599999,298490837.15807250,314972,6337.81000000,145473853.51470930,0
1674309600000,22930.87000000,23018.92000000,22875.54000000,22955.26000000,10483.76615000,1674313199999,240539872.66956660,257237,5198.03019000,119273492.64915710,0
1674313200000,22955.80000000,23280.00000000,22930.92000000,22998.90000000,20526.86682000,1674316799999,474703846.81156590,454626,10443.60734000,241513123.13923230,0
1674316800000,22998.90000000,23269.73000000,22980.00000000,23197.45000000,18963.01053000,1674320399999,438761263.11208720,430349,9526.45131000,220431092.39800990,0
1674320400000,23196.43000000,23371.80000000,23126.06000000,23226.65000000,21948.64533000,1674323999999,509943013.31936630,433296,11044.38637000,256658014.47722980,0
1674324000000,23225.17000000,23269.99000000,23053.24000000,23248.52000000,12484.54121000,1674327599999,289380941.78088170,289761,6411.41782000,148614453.80611060,0
1674327600000,23247.40000000,23308.06000000,23174.08000000,23270.50000000,8812.55582000,1674331199999,204857642.84662200,242054,4439.53262000,103210511.25850300,0
1674331200000,23270.97000000,23299.55000000,23080.00000000,23093.38000000,9845.15016000,1674334799999,228237419.75339480,253272,4495.81754000,104225592.40516700,0
1674334800000,23093.38000000,23220.00000000,23009.11000000,23204.64000000,8119.76021000,1674338399999,187922963.89206840,225544,4139.70167000,95820182.79750780,0
1674338400000,23203.41000000,23210.91000000,22737.36000000,22759.71000000,8554.59214000,1674341999999,197356967.12617060,226219,3985.78600000,91976201.18297180,0
1674342000000,22757.14000000,22964.60000000,22680.73000000,22783.55000000,17154.83863000,1674345599999,391573403.24043080,355895,8503.34074000,194123750.06541510,0
1674345600000,22783.35000000,22979.88000000,22700.06000000,22877.48000000,12868.12927000,1674349199999,294172516.23762420,343767,6596.78961000,150813691.45278780,0
1674349200000,22877.48000000,22891.76000000,22688.78000000,22792.13000000,11684.54279000,1674352799999,266409687.94674380,316264,5840.50477000,133169780.76796140,0
1674352800000,22793.12000000,22833.26000000,22602.55000000,22707.64000000,10857.25989000,1674356399999,246890889.80709830,289476,5219.61026000,118696981.78036860,0
1674356400000,22706.90000000,22774.18000000,22668.48000000,22758.30000000,7683.73374000,1674359999999,174693297.15883410,227468,3843.48806000,87384501.06603370,0
1674360000000,22759.08000000,22868.98000000,22716.72000000,22847.79000000,7994.62992000,1674363599999,182277245.76819910,238428,4097.95975000,93434209.08974530,0
1674363600000,22847.31000000,22895.40000000,22832.56000000,22878.37000000,7323.69528000,1674367199999,167480207.53903930,214676,3622.25308000,82836226.99334940,0
1674367200000,22878.37000000,22967.33000000,22862.70000000,22919.67000000,7256.88643000,1674370799999,166323002.11563400,208254,3633.67068000,83280699.42376920,0
1674370800000,22920.74000000,22959.68000000,22875.00000000,22895.20000000,7193.47495000,1674374399999,164827142.82025050,182783,3462.83343000,79346978.31000600,0
1674374400000,22895.49000000,22921.24000000,22809.56000000,22909.76000000,7787.97022000,1674377999999,178162364.96698630,221814,3887.24389000,88929652.46926200,0
1674378000000,22908.20000000,22938.12000000,22833.59000000,22856.68000000,7865.51774000,1674381599999,180068995.80993420,217652,3844.70250000,88018404.50420630,0
1674381600000,22857.48000000,22903.51000000,22839.09000000,22872.97000000,6492.94012000,1674385199999,148496953.10365570,195182,3260.54578000,74572808.40312170,0
1674385200000,22872.21000000,22884.91000000,22726.02000000,22783.61000000,9593.06382000,1674388799999,218712814.82041950,246789,4806.81659000,109585421.54853200,0
1674388800000,22784.74000000,22871.68000000,22700.01000000,22869.56000000,9487.18959000,1674392399999,216110184.76871220,281504,4853.63003000,110570933.11017770,0
1674392400000,22869.56000000,22930.01000000,22846.82000000,22897.79000000,8297.36390000,1674395999999,189964444.81518960,250248,4128.81559000,94529634.90738590,0
1674396000000,22897.79000000,23040.00000000,22866.81000000,22990.41000000,10098.35919000,1674399599999,231466351.40788030,276085,5136.85383000,117754308.53900850,0
1674399600000,22990.42000000,23078.71000000,22645.59000000,22794.51000000,21388.11528000,1674403199999,489031556.33366250,497325,10376.35743000,237276015.85645110,0
1674403200000,22794.63000000,22862.27000000,22689.72000000,22819.28000000,11885.65438000,1674406799999,270956104.40031540,317155,5843.49024000,133224992.71236930,0
1674406800000,22819.38000000,22959.71000000,22780.50000000,22922.34000000,12654.34323000,1674410399999,289657496.10694620,313709,6514.00800000,149112927.65624110,0
1674410400000,22922.34000000,22936.84000000,22818.84000000,22838.00000000,7618.14644000,1674413999999,174285185.15485460,220446,3570.53591000,81688476.46285550,0
1674414000000,22838.00000000,22856.75000000,22687.13000000,22722.15000000,8947.37796000,1674417599999,203941714.46608210,240088,4306.66239000,98173623.75018630,0
1674417600000,22721.88000000,22736.00000000,22292.37000000,22459.46000000,24946.44483000,1674421199999,562053622.01287220,522583,12135.22046000,273420602.48940260,0
1674421200000,22459.46000000,22639.71000000,22317.00000000,22585.37000000,16210.74983000,1674424799999,364231321.26161030,364665,8124.72003000,182567647.39793820,0
1674424800000,22585.38000000,22698.00000000,22536.26000000,22676.48000000,6896.86211000,1674428399999,155841762.80962000,182300,3479.80644000,78635287.02374880,0
1674428400000,22676.48000000,22773.89000000,22641.11000000,22707.88000000,10545.30195000,1674431999999,239497459.91195600,235166,5256.39788000,119386015.00766210,0
1674432000000,22706.02000000,22811.15000000,22660.67000000,22745.28000000,11526.99258000,1674435599999,262080042.25403990,318960,5730.82302000,130301091.15179880,0
1674435600000,22744.83000000,22826.46000000,22690.30000000,22699.37000000,8632.03099000,1674439199999,196490618.57990830,248697,4253.67586000,96831636.90238880,0
1674439200000,22699.37000000,22757.65000000,22690.30000000,22752.05000000,6370.10252000,1674442799999,144798045.52735330,208908,3238.44746000,73614243.01539230,0
1674442800000,22752.71000000,22771.14000000,22646.43000000,22661.02000000,9610.87165000,1674446399999,218217148.89938170,258545,4624.54409000,105002832.13763850,0
1674446400000,22661.02000000,22759.49000000,22659.12000000,22758.32000000,7413.16663000,1674449999999,168377827.69923920,216104,3754.63980000,85282276.53497110,0
1674450000000,22758.32000000,22769.71000000,22706.25000000,22723.63000000,7182.02647000,1674453599999,163296529.22629810,209803,3618.08642000,82265024.64126290,0
1674453600000,22724.48000000,22794.33000000,22691.66000000,22773.33000000,7916.96653000,1674457199999,180098508.20660450,223382,3881.45399000,88300378.78232270,0
1674457200000,22773.92000000,22786.00000000,22600.14000000,22695.90000000,10682.10567000,1674460799999,242588960.67806890,282615,5073.04298000,115210706.87585650,0
1674460800000,22696.61000000,22769.53000000,22662.38000000,22719.28000000,8958.38632000,1674464399999,203569117.22409180,274462,4520.98743000,102738231.14244390,0
1674464400000,22719.28000000,22788.00000000,22703.26000000,22784.18000000,6806.10380000,1674467999999,154852241.68789540,218682,3457.00459000,78657619.23899340,0
1674468000000,22784.85000000,22957.25000000,22764.91000000,22909.95000000,12356.08774000,1674471599999,282722601.51769460,327743,6344.77344000,145174138.50004600,0
1674471600000,22909.95000000,22930.00000000,22826.23000000,22904.58000000,10145.71683000,1674475199999,232107010.24179510,258712,4946.90970000,113177330.17332750,0
1674475200000,22904.58000000,22978.00000000,22808.90000000,22910.74000000,11855.32051000,1674478799999,271448191.60247980,313933,5828.54947000,133460411.29903360,0
1674478800000,22911.60000000,22939.49000000,22668.43000000,22798.41000000,16043.49764000,1674482399999,366340715.57336750,371001,7677.93466000,175333943.61123040,0
1674482400000,22799.89000000,23115.00000000,22500.00000000,22622.05000000,26695.67737000,1674485999999,608777386.78794700,551146,13263.30604000,302550698.24206670,0
1674486000000,22627.71000000,22920.00000000,22586.68000000,22853.14000000,25773.01312000,1674489599999,587102107.60719720,534387,13023.06907000,296668676.20937130,0
1674489600000,22855.44000000,22935.78000000,22765.27000000,22911.17000000,15724.16437000,1674493199999,359689629.91917460,373104,7948.56400000,181832832.53575100,0
1674493200000,22911.86000000,23067.86000000,22850.15000000,23065.22000000,14053.85121000,1674496799999,322074463.78717110,342270,7219.21995000,165467844.53091610,0
1674496800000,23065.22000000,23180.00000000,22862.07000000,22936.20000000,20704.31550000,1674500399999,477826876.84419050,436284,10312.15762000,238013813.77665770,0
1674500400000,22935.95000000,22967.99000000,22654.00000000,22792.47000000,20796.10381000,1674503999999,474485723.77932620,447379,9996.09916000,228093841.70304820,0
1674504000000,22792.47000000,23034.90000000,22753.71000000,23022.64000000,12412.72474000,1674507599999,283842188.60707370,281703,6412.25647000,146640452.09891220,0
1674507600000,23020.53000000,23044.56000000,22937.54000000,22996.00000000,8430.26746000,1674511199999,193706094.93157760,195620,4198.13400000,96465521.45446050,0
1674511200000,22996.82000000,23034.46000000,22852.01000000,22925.32000000,6452.02899000,1674514799999,148192775.27415100,182897,3034.70890000,69710168.31579760,0
1674514800000,22925.32000000,22959.92000000,22869.12000000,22916.45000000,7046.85693000,1674518399999,161506489.51965370,182318,3496.32124000,80133991.60992250,0
1674518400000,22917.81000000,23009.79000000,22864.67000000,22986.44000000,11074.85309000,1674521999999,254201701.54520240,281015,5601.78860000,128587832.83920010,0
1674522000000,22985.52000000,23105.52000000,22930.12000000,23089.46000000,11340.91396000,1674525599999,260895305.65255120,285726,5745.24870000,132178861.83939280,0
1674525600000,23088.48000000,23144.76000000,23036.27000000,23036.68000000,11237.86878000,1674529199999,259525457.25406440,281790,5556.06218000,128318245.41472140,0
1674529200000,23036.68000000,23084.00000000,23002.31000000,23079.27000000,7778.93895000,1674532799999,179240457.03778640,214656,4013.12417000,92471479.41429880,0
1674532800000,23079.87000000,23121.66000000,23062.82000000,23072.15000000,7254.73594000,1674536399999,167486601.58498950,218926,3498.56881000,80772129.88791900,0
1674536400000,23072.17000000,23162.20000000,23026.01000000,23118.17000000,10378.18623000,1674539999999,239682286.53675750,255301,5155.48000000,119064986.66361180,0
1674540000000,23118.44000000,23155.82000000,23062.55000000,23095.63000000,8342.92836000,1674543599999,192886623.96828070,219221,4117.44061000,95196928.63978650,0
1674543600000,23094.85000000,23128.99000000,23006.98000000,23054.08000000,8474.34273000,1674547199999,195595177.43573940,212030,4146.67452000,95709830.09534830,0
1674547200000,23054.70000000,23090.25000000,23033.80000000,23053.12000000,7524.42334000,1674550799999,173522891.57348830,216501,3743.85378000,86340962.55471380,0
1674550800000,23052.67000000,23058.29000000,22770.00000000,22852.79000000,20640.46218000,1674554399999,472639490.90502570,456903,9837.56746000,225271892.29267390,0
1674554400000,22852.21000000,22942.70000000,22846.12000000,22902.51000000,9958.06109000,1674557999999,228084382.12968600,254385,4901.98713000,112277078.60330650,0
1674558000000,22902.51000000,22933.32000000,22866.23000000,22917.66000000,7962.21202000,1674561599999,182376396.22925230,227319,3984.32333000,91265354.24026670,0
1674561600000,22917.11000000,23035.31000000,22882.09000000,22964.13000000,9509.92112000,1674565199999,218300102.68118210,269949,4804.27272000,110281743.51373780,0
1674565200000,22963.20000000,23016.80000000,22785.01000000,22859.93000000,13527.09578000,1674568799999,309801365.12712800,362576,6489.97789000,148648631.42979750,0
1674568800000,22860.37000000,22961.18000000,22711.00000000,22859.10000000,23597.17727000,1674572399999,539327385.61393190,540527,11728.33531000,268079795.50886320,0
1674572400000,22859.10000000,22959.88000000,22750.01000000,22931.36000000,18056.79224000,1674575999999,412988671.69154850,436563,9022.54953000,206365824.86838530,0
1674576000000,22931.36000000,22949.26000000,22841.48000000,22875.18000000,10325.67171000,1674579599999,236460516.27389360,292557,4864.16824000,111394681.42548120,0
1674579600000,22875.18000000,22927.37000000,22785.59000000,22913.49000000,12103.89133000,1674583199999,276920877.31927840,318670,5968.32707000,136557989.88188210,0
1674583200000,22913.49000000,23050.00000000,22877.19000000,22999.85000000,12618.86498000,1674586799999,290055741.56697510,318727,6344.21217000,145828182.86262700,0
1674586800000,23000.00000000,23079.00000000,22961.85000000,23018.53000000,9156.88769000,1674590399999,210668489.21257210,246787,4600.46608000,105846854.99859570,0
1674590400000,23017.73000000,23040.27000000,22879.08000000,23010.34000000,12069.37161000,1674593999999,277220170.42035980,313932,5923.09901000,136057576.39241520,0
1674594000000,23009.30000000,23080.45000000,22818.02000000,22902.84000000,12787.60829000,1674597599999,293722103.99883270,320787,6187.11803000,142125847.22486690,0
1674597600000,22902.84000000,22929.63000000,22669.42000000,22755.52000000,16704.72195000,1674601199999,380947814.41025250,399150,8056.40760000,183749411.80271440,0
1674601200000,22755.47000000,22786.96000000,22462.93000000,22632.89000000,20732.85190000,1674604799999,468882952.40506290,451586,9948.79062000,225015219.74397380,0
1674604800000,22631.94000000,22715.06000000,22498.00000000,22652.23000000,17892.84686000,1674608399999,404733152.54443270,385227,8837.22252000,199896473.24079170,0
1674608400000,22651.23000000,22665.58000000,22300.00000000,22490.64000000,20404.83877000,1674611999999,458697523.17534810,408653,9977.42554000,224296709.76726830,0
1674612000000,22491.58000000,22597.64000000,22481.31000000,22549.89000000,9228.51617000,1674615599999,208073052.00875490,214524,4559.28070000,102798120.46461710,0
1674615600000,22550.24000000,22650.00000000,22535.09000000,22643.61000000,8574.90169000,1674619199999,193845130.31460200,202978,4345.75494000,98237820.31695010,0
1674619200000,22643.04000000,22658.64000000,22620.12000000,22624.83000000,6541.56707000,1674622799999,148099016.48819320,172875,3260.69276000,73822408.97874880,0
1674622800000,22625.32000000,22737.58000000,22606.04000000,22670.72000000,8150.81054000,1674626399999,184709537.64809930,207682,4036.54987000,91476484.50268610,0
1674626400000,22671.42000000,22739.18000000,22634.86000000,22713.76000000,7677.15225000,1674629999999,174200149.16951760,219186,3770.42960000,85556646.18933120,0
1674630000000,22713.59000000,22772.00000000,22694.79000000,22712.45000000,7723.70406000,1674633599999,175534388.71383540,208812,3782.71699000,85971691.50618600,0
1674633600000,22711.85000000,22739.11000000,22655.67000000,22659.72000000,7981.88832000,1674637199999,181130367.10269860,215772,3807.14501000,86395104.07292030,0
1674637200000,22659.71000000,22709.73000000,22570.76000000,22607.26000000,10756.71092000,1674640799999,243581280.77891070,278833,5283.80946000,119651322.80573410,0
1674640800000,22607.26000000,22630.78000000,22475.00000000,22611.90000000,13147.50834000,1674644399999,296766528.55004450,301974,6472.68462000,146103878.82263220,0
1674644400000,22610.91000000,22628.42000000,22561.18000000,22598.47000000,7114.50494000,1674647999999,160802556.78824880,201005,3489.51178000,78871779.17263000,0
1674648000000,22598.45000000,22745.00000000,22591.70000000,22694.23000000,14564.02397000,1674651599999,330440514.28045370,345209,7485.63533000,169839905.10054350,0
1674651600000,22694.22000000,22729.99000000,22565.01000000,22595.72000000,10785.18821000,1674655199999,244327248.40262280,293950,5339.44998000,120970000.77870120,0
1674655200000,22595.08000000,22625.73000000,22415.35000000,22435.47000000,21076.44743000,1674658799999,474945422.81200400,449592,10231.12743000,230572817.38525620,0
1674658800000,22435.47000000,22606.35000000,22335.00000000,22577.86000000,24088.09308000,1674662399999,542042888.21408080,474915,12180.38131000,274105583.31243510,0
1674662400000,22578.79000000,22690.44000000,22516.98000000,22629.75000000,15332.31405000,1674665999999,346707242.86488370,358389,7655.48954000,173119269.25386650,0
1674666000000,22629.75000000,22653.93000000,22510.00000000,22568.94000000,11718.39873000,1674669599999,264570824.96433800,276746,5716.30469000,129064013.68685800,0
1674669600000,22569.11000000,22726.43000000,22555.44000000,22724.90000000,11231.17550000,1674673199999,254285135.99263650,268725,5620.94065000,127271630.56238250,0
1674673200000,22724.90000000,22765.30000000,22651.75000000,22748.86000000,12624.58451000,1674676799999,286718946.64596430,291351,6452.81399000,146561920.25493940,0
1674676800000,22749.97000000,22950.91000000,22749.93000000,22938.09000000,20417.82756000,1674680399999,467184639.73463040,437621,10507.96379000,240438244.83810600,0
1674680400000,22935.92000000,23700.00000000,22832.38000000,23592.55000000,31154.76165000,1674683999999,721664162.99667390,681700,16375.62767000,379387509.70311090,0
1674684000000,23592.56000000,23816.73000000,22816.66000000,22932.20000000,28641.81816000,1674687599999,669319206.72932960,699595,13889.43591000,324658076.34368380,0
1674687600000,22933.23000000,23212.00000000,22886.40000000,23060.94000000,19213.24945000,1674691199999,443211442.19553370,465132,9569.50707000,220754362.90473840,0
1674691200000,23060.42000000,23282.47000000,23041.14000000,23240.42000000,16188.12884000,1674694799999,374613356.87914750,379185,8212.76991000,190057462.97254300,0
1674694800000,23240.42000000,23247.00000000,23133.49000000,23163.24000000,12552.91940000,1674698399999,291187187.31674090,297866,6044.01100000,140205739.21273620,0
1674698400000,23163.24000000,23265.00000000,23137.79000000,23178.98000000,10376.80720000,1674701999999,240719226.05839960,257497,5147.79491000,119421519.93103160,0
1674702000000,23178.98000000,23231.89000000,23104.67000000,23136.16000000,10049.36738000,1674705599999,232831226.62010720,247067,4977.77434000,115332469.77891190,0
1674705600000,23136.16000000,23197.80000000,23105.35000000,23179.35000000,9398.71102000,1674709199999,217601703.15592710,229062,4818.70141000,111566061.57200770,0
1674709200000,23178.70000000,23192.47000000,23130.55000000,23147.48000000,8116.17411000,1674712799999,187984077.11040480,204456,4033.20781000,93417147.25470860,0
1674712800000,23148.26000000,23164.11000000,22897.17000000,23087.87000000,17426.84588000,1674716399999,401657783.30318930,370318,8473.86624000,195319504.02608860,0
1674716400000,23088.63000000,23096.78000000,22951.27000000,22966.73000000,10343.21037000,1674719999999,238069641.81216130,253119,4998.93139000,115064409.50949070,0
1674720000000,22965.81000000,23048.49000000,22923.56000000,23003.87000000,9445.42740000,1674723599999,217249068.45936990,247059,4727.70212000,108746881.17450880,0
1674723600000,23003.11000000,23036.69000000,22900.00000000,22970.70000000,9896.50864000,1674727199999,227401169.16418520,251335,4821.03381000,110785265.57692380,0
1674727200000,22970.70000000,22995.72000000,22850.01000000,22939.26000000,11848.43077000,1674730799999,271741368.72090900,287288,5694.33999000,130602249.70703620,0
1674730800000,22939.26000000,22993.90000000,22895.48000000,22992.94000000,8135.87839000,1674734399999,186742491.45988800,219072,4172.01752000,95763300.48949890,0
1674734400000,22992.09000000,23147.98000000,22962.20000000,23120.96000000,12845.25586000,1674737999999,296206443.45769540,316762,6555.44817000,151172702.05527230,0
1674738000000,23120.96000000,23154.21000000,22880.95000000,23128.35000000,20626.57133000,1674741599999,475660473.68579500,461378,10049.77025000,231764390.34667690,0
1674741600000,23127.49000000,23250.00000000,22922.00000000,23039.35000000,25786.18933000,1674745199999,595974619.30789230,532285,13062.63294000,301931516.44301700,0
1674745200000,23037.23000000,23179.38000000,22901.00000000,22958.02000000,21930.21844000,1674748799999,505777246.09054070,486007,10644.96930000,245520873.18538100,0
1674748800000,22955.16000000,23032.16000000,22853.81000000,23003.98000000,16062.04634000,1674752399999,368944863.78250900,430840,7922.32143000,181989468.81773600,0
1674752400000,23003.33000000,23062.77000000,22958.50000000,22982.85000000,9892.04898000,1674755999999,227664333.36632820,276079,4787.55398000,110190152.03248060,0
1674756000000,22983.25000000,23106.51000000,22959.00000000,23037.16000000,10194.87190000,1674759599999,234897554.98945830,290217,5119.19064000,117956218.09057610,0
1674759600000,23038.01000000,23091.70000000,22980.87000000,23070.00000000,7455.18397000,1674763199999,171791389.26488660,236770,3737.54772000,86129174.44044100,0
1674763200000,23068.57000000,23195.00000000,23037.00000000,23112.57000000,9669.55094000,1674766799999,223350752.30249560,285499,4968.52697000,114772830.65268730,0
1674766800000,23110.98000000,23121.32000000,22963.07000000,23081.77000000,8416.36973000,1674770399999,193954157.78179280,241639,4113.63985000,94806212.90943970,0
1674770400000,23081.78000000,23150.00000000,22989.36000000,23003.79000000,6241.33424000,1674773999999,143937212.25952680,192213,3104.24663000,71598040.02587880,0
1674774000000,23004.81000000,23036.30000000,22967.30000000,23009.65000000,6026.38535000,1674777599999,138635121.98857770,188073,2997.08508000,68950680.84610200,0
1674777600000,23009.65000000,23076.62000000,22897.02000000,22925.50000000,10025.55781000,1674781199999,230407973.07609150,272053,4914.99308000,112966401.71584760,0
1674781200000,22925.08000000,22968.73000000,22534.88000000,22647.48000000,18777.70517000,1674784799999,427080680.28115350,410503,9062.44124000,206115741.76363960,0
1674784800000,22647.44000000,22815.40000000,22602.85000000,22781.67000000,10444.72509000,1674788399999,237533163.31505770,254933,5331.56933000,121247584.36531100,0
1674788400000,22781.67000000,22843.29000000,22761.49000000,22772.62000000,6934.89115000,1674791999999,158190149.32647830,172931,3356.14089000,76557833.66674330,0
1674792000000,22772.20000000,22858.22000000,22760.64000000,22802.81000000,6170.87432000,1674795599999,140781648.31100110,159147,3103.26204000,70797979.03171090,0
1674795600000,22802.30000000,23100.00000000,22796.95000000,23034.92000000,12715.19394000,1674799199999,291450371.21750960,272009,6579.65965000,150818100.74140530,0
1674799200000,23034.92000000,23054.96000000,22970.00000000,23002.92000000,9903.44269000,1674802799999,227851498.13930350,237835,4930.83673000,113450117.65764370,0
1674802800000,23002.48000000,23081.83000000,22934.35000000,23072.77000000,9935.35465000,1674806399999,228618507.42451970,241031,4993.76316000,114910724.22072770,0
1674806400000,23072.29000000,23083.87000000,22925.10000000,22964.51000000,10846.11417000,1674809999999,249400266.54142350,281981,5212.30707000,119855913.95703940,0
1674810000000,22964.51000000,22985.88000000,22905.00000000,22947.87000000,7625.15012000,1674813599999,174991391.77419500,197794,3448.19424000,79139064.62828910,0
1674813600000,22947.87000000,22989.99000000,22903.03000000,22948.04000000,7133.72336000,1674817199999,163720976.99683400,187090,3599.83195000,82619420.02033950,0
1674817200000,22948.98000000,22973.75000000,22915.12000000,22967.47000000,7947.13148000,1674820799999,182351341.13848450,204360,4102.46608000,94137656.35715470,0
1674820800000,22967.48000000,22988.49000000,22857.14000000,22932.41000000,10322.05561000,1674824399999,236832542.94279400,269891,5062.98566000,116173149.15816170,0
1674824400000,22932.43000000,23022.00000000,22851.08000000,22899.82000000,15909.04637000,1674827999999,364867512.38184670,410070,7890.62362000,180979846.98959560,0
1674828000000,22900.53000000,23052.69000000,22841.19000000,22967.66000000,14987.28938000,1674831599999,343669976.32744930,403656,7482.92743000,171602558.77557650,0
1674831600000,22967.66000000,23148.00000000,22928.20000000,22933.96000000,21594.88386000,1674835199999,497606480.18011560,509930,10538.59750000,242854757.70257090,0
1674835200000,22932.20000000,23144.00000000,22924.01000000,23129.72000000,13594.43178000,1674838799999,313600008.66942250,355895,7096.84158000,163712558.09815390,0
1674838800000,23130.75000000,23244.99000000,23077.80000000,23204.74000000,15992.92842000,1674842399999,370328226.51130520,387847,8138.75580000,188468175.56152620,0
1674842400000,23204.74000000,23252.63000000,23131.30000000,23183.91000000,10710.31106000,1674845999999,248202302.38207000,299821,5292.74700000,122661250.98485940,0
1674846000000,23183.91000000,23284.32000000,23158.23000000,23253.06000000,8717.05570000,1674849599999,202290254.10700700,242222,4666.74274000,108309270.60453680,0
1674849600000,23253.06000000,23500.00000000,23016.79000000,23108.82000000,27561.53877000,1674853199999,641434057.89505910,613721,13714.70145000,319227955.93146550,0
1674853200000,23108.82000000,23196.24000000,23050.00000000,23080.88000000,9672.02966000,1674856799999,223745565.61968200,284772,4588.07305000,106142309.35610770,0
1674856800000,23080.88000000,23100.09000000,22951.33000000,23008.22000000,7874.81798000,1674860399999,181384552.49384470,240062,3789.08625000,87279123.24398130,0
1674860400000,23007.40000000,23083.08000000,23005.09000000,23074.16000000,5437.61061000,1674863999999,125368308.00126710,169542,2801.72884000,64596276.31265290,0
1674864000000,23074.16000000,23189.00000000,23042.54000000,23151.84000000,8247.18867000,1674867599999,190599365.52531840,249140,4094.82961000,94643372.86944000,0
1674867600000,23151.27000000,23172.30000000,23072.70000000,23090.53000000,6212.30453000,1674871199999,143612146.81170480,199186,3033.07066000,70117660.33167270,0
1674871200000,23091.12000000,23127.49000000,23067.80000000,23086.84000000,5273.90619000,1674874799999,121807314.80483870,157611,2578.34777000,59551089.24233820,0
1674874800000,23086.84000000,23147.33000000,23080.20000000,23117.44000000,4581.76081000,1674878399999,105863536.53652420,140318,2397.41142000,55395833.08394120,0
1674878400000,23117.44000000,23133.40000000,23079.09000000,23092.24000000,5188.32631000,1674881999999,119881266.82720200,155715,2499.76031000,57761155.74102650,0
1674882000000,23092.24000000,23110.00000000,23021.74000000,23066.38000000,7041.63263000,1674885599999,162393435.04352930,185729,3851.39658000,88819562.91302050,0
1674885600000,23066.94000000,23081.00000000,23010.00000000,23038.21000000,5857.53326000,1674889199999,134965634.68359650,175981,2868.96961000,66106132.10922820,0
1674889200000,23038.68000000,23043.49000000,22951.01000000,22991.51000000,6640.78630000,1674892799999,152688154.53765570,195488,3205.62869000,73705898.59133240,0
1674892800000,22991.86000000,23016.79000000,22953.04000000,22978.64000000,6319.79371000,1674896399999,145264941.89594670,186098,3138.61307000,72146043.89456450,0
1674896400000,22978.87000000,23017.27000000,22905.00000000,22998.60000000,7184.53854000,1674899999999,165121493.72501100,202160,3600.99370000,82765952.12338130,0
1674900000000,22998.24000000,23012.57000000,22947.00000000,22974.47000000,6401.44743000,1674903599999,147163167.79353100,182432,3118.96774000,71705275.96295350,0
1674903600000,22974.03000000,22999.99000000,22937.01000000,22981.51000000,5769.60189000,1674907199999,132546851.28209610,161348,2883.89967000,66254672.23855800,0
1674907200000,22981.51000000,22983.12000000,22917.39000000,22955.25000000,7474.12723000,1674910799999,171545236.70540280,207875,3613.66835000,82941879.05462030,0
1674910800000,22954.76000000,22974.83000000,22878.46000000,22970.10000000,10905.72719000,1674914399999,250063272.58932360,284166,5398.33119000,123789810.00998260,0
1674914400000,22970.80000000,22982.95000000,22947.00000000,22949.43000000,5612.89083000,1674917999999,128900738.02348670,148940,2765.00556000,63502058.27165870,0
1674918000000,22949.44000000,23044.12000000,22933.58000000,23012.54000000,9458.57500000,1674921599999,217616770.10072670,238084,4866.89238000,111976083.00051360,0
1674921600000,23012.02000000,23052.82000000,23005.79000000,23018.14000000,6212.50882000,1674925199999,143050083.62354800,168806,3118.72886000,71814961.53721990,0
1674925200000,23018.14000000,23029.93000000,22975.00000000,23018.96000000,5599.18936000,1674928799999,128811026.45398080,156890,2825.41747000,65002878.34217470,0
1674928800000,23018.96000000,23029.92000000,22977.10000000,22998.31000000,4317.55760000,1674932399999,99312222.60471070,126380,2076.04096000,47753798.04302650,0
1674932400000,22998.31000000,23043.12000000,22990.00000000,23039.35000000,4301.84464000,1674935999999,99060654.25829530,119565,2277.07056000,52434622.75509730,0
1674936000000,23039.35000000,23042.91000000,22953.07000000,22966.91000000,5653.93020000,1674939599999,130039106.31827730,152493,2621.33050000,60291091.51294740,0
1674939600000,22966.89000000,23010.00000000,22942.00000000,23001.41000000,5517.25760000,1674943199999,126833918.38553710,146816,2796.62996000,64291102.61801160,0
1674943200000,23001.41000000,23016.50000000,22973.35000000,22977.63000000,3934.01442000,1674946799999,90461774.52529650,110388,1998.66913000,45960638.80943140,0
1674946800000,22978.20000000,23031.90000000,22961.34000000,23022.60000000,4409.26769000,1674950399999,101383298.26104620,130207,2232.16191000,51325930.69339790,0
1674950400000,23021.40000000,23145.38000000,22967.76000000,23112.95000000,9049.12052000,1674953999999,208738762.24021260,240249,4715.95519000,108782131.28791760,0
1674954000000,23112.95000000,23492.00000000,23112.14000000,23232.32000000,24472.03253000,1674957599999,570452684.86596230,525543,12923.44437000,301257416.15126430,0
1674957600000,23231.22000000,23279.41000000,23051.43000000,23143.08000000,12690.97942000,1674961199999,293778353.81234230,318977,6244.19677000,144545276.24633150,0
1674961200000,23143.64000000,23198.63000000,23104.35000000,23193.43000000,6368.66296000,1674964799999,147438803.69676670,165806,3259.05694000,75449890.73022630,0
1674964800000,23194.27000000,23241.28000000,23144.99000000,23228.89000000,7249.46347000,1674968399999,168159027.69427000,171794,3529.13821000,81863853.35004410,0
1674968400000,23228.89000000,23255.00000000,23190.08000000,23249.50000000,6306.20767000,1674971999999,146418854.90259880,145131,3133.64162000,72759264.93753380,0
1674972000000,23249.50000000,23268.51000000,23183.17000000,23198.58000000,6038.90792000,1674975599999,140231640.98624520,150836,2941.19790000,68300343.08465280,0
1674975600000,23199.30000000,23220.76000000,23174.47000000,23203.86000000,5393.54974000,1674979199999,125108156.11858990,137030,2746.73405000,63713965.14195330,0
1674979200000,23203.39000000,23224.55000000,23153.64000000,23172.28000000,5894.58708000,1674982799999,136680066.09002140,152940,2924.39807000,67808203.92825880,0
1674982800000,23172.28000000,23373.89000000,23156.89000000,23296.80000000,13621.67683000,1674986399999,317041264.20647830,289642,6990.74328000,162712233.43484300,0
1674986400000,23296.80000000,23500.00000000,23295.06000000,23448.03000000,17517.02878000,1674989999999,410149660.52533790,381553,8986.26517000,210415169.35819440,0
1674990000000,23447.10000000,23605.74000000,23270.03000000,23432.17000000,18706.39808000,1674993599999,437701611.09943990,390670,9539.13260000,223247651.80043010,0
1674993600000,23431.39000000,23543.56000000,23350.47000000,23478.21000000,13612.57807000,1674997199999,319106460.97120830,299545,6827.63327000,160059421.22517800,0
1674997200000,23478.21000000,23666.00000000,23457.93000000,23538.94000000,18909.58007000,1675000799999,445570420.26828390,408973,9555.74345000,225163933.04877920,0
1675000800000,23538.04000000,23596.88000000,23412.10000000,23538.58000000,13731.01051000,1675004399999,322810230.98848940,313180,6963.98276000,163720030.25355120,0
1675004400000,23538.04000000,23549.62000000,23470.15000000,23525.09000000,8470.38029000,1675007999999,199189305.09194790,216003,4122.06097000,96936651.96185370,0
1675008000000,23525.09000000,23650.00000000,23472.00000000,23586.44000000,15494.72714000,1675011599999,364830477.12321350,346103,7824.31580000,184244761.74018840,0
1675011600000,23586.44000000,23641.80000000,23546.83000000,23591.38000000,11721.97262000,1675015199999,276627863.12929110,302976,5715.19829000,134878717.54094950,0
1675015200000,23591.38000000,23759.00000000,23536.65000000,23678.99000000,15785.80867000,1675018799999,373322038.28471720,392990,8052.06500000,190434153.36952880,0
1675018800000,23677.95000000,23960.54000000,23661.00000000,23897.84000000,23293.93373000,1675022399999,555179086.38867530,542034,12119.25633000,288834918.88251140,0
1675022400000,23896.65000000,23910.60000000,23600.00000000,23698.65000000,15648.22100000,1675025999999,372055962.57281630,386587,7554.00142000,179614648.69199780,0
1675026000000,23698.65000000,23828.76000000,23656.33000000,23794.20000000,9301.06405000,1675029599999,220898038.36471530,270366,4653.90090000,110528910.76693130,0
1675029600000,23795.24000000,23821.21000000,23720.08000000,23765.93000000,5744.20146000,1675033199999,136587231.67394380,183544,2834.93878000,67413543.24620670,0
1675033200000,23765.93000000,23877.80000000,23727.17000000,23742.30000000,10666.69943000,1675036799999,253846953.04083910,298365,5350.50496000,127341582.62039140,0
1675036800000,23743.37000000,23800.51000000,23683.96000000,23751.43000000,10261.83669000,1675040399999,243632664.25162370,296504,5065.54398000,120267502.88116860,0
1675040400000,23751.02000000,23765.90000000,23625.83000000,23670.08000000,10375.90064000,1675043999999,245655933.00181970,291186,4987.47283000,118082651.04287190,0
1675044000000,23670.08000000,23673.49000000,23567.10000000,23645.76000000,9335.74532000,1675047599999,220536945.46789970,262636,4572.79088000,108025306.67157610,0
1675047600000,23645.76000000,23703.61000000,23621.74000000,23701.44000000,6930.90378000,1675051199999,163999583.54555610,210343,3528.06988000,83482071.37152940,0
1675051200000,23700.78000000,23769.32000000,23694.31000000,23717.76000000,7489.99072000,1675054799999,177746530.23788490,211849,3715.09490000,88163875.79455990,0
1675054800000,23717.76000000,23733.86000000,23663.00000000,23728.71000000,6783.55715000,1675058399999,160758339.46527300,184410,3471.47670000,82271469.57472890,0
1675058400000,23728.71000000,23744.60000000,23658.00000000,23692.38000000,7732.32161000,1675061999999,183317904.16653930,209640,3803.44815000,90177411.07347640,0
1675062000000,23691.84000000,23706.36000000,23599.15000000,23642.81000000,9339.96326000,1675065599999,220890635.05796610,237356,4541.43004000,107409023.57474380,0
1675065600000,23642.81000000,23676.98000000,23507.00000000,23548.76000000,12879.05024000,1675069199999,303854438.85866760,311166,6005.05209000,141678695.37203220,0
1675069200000,23547.79000000,23552.65000000,23110.00000000,23191.20000000,30359.75905000,1675072799999,707468273.28820820,647431,15036.55566000,350397441.50265880,0
1675072800000,23191.20000000,23305.73000000,23101.62000000,23243.54000000,13937.89938000,1675076399999,323858106.22059360,365731,6831.88011000,158751792.87304870,0
1675076400000,23244.50000000,23275.55000000,23017.00000000,23077.47000000,15366.92060000,1675079999999,356002449.43551830,361320,7307.07108000,169305325.06094590,0
1675080000000,23077.47000000,23153.06000000,22962.68000000,23076.27000000,16984.69992000,1675083599999,391823442.09067980,414747,8485.26032000,195765967.62950180,0
1675083600000,23076.27000000,23132.74000000,23045.00000000,23057.19000000,9516.28569000,1675087199999,219738751.67775940,283725,4608.24466000,106413303.15328230,0
1675087200000,23057.72000000,23289.86000000,23027.30000000,23287.70000000,16950.55929000,1675090799999,392885084.52539110,427334,8779.42846000,203498993.47645380,0
1675090800000,23288.97000000,23301.82000000,23048.79000000,23178.51000000,14938.10158000,1675094399999,346302412.47154310,394267,7513.82576000,174193883.82349690,0
1675094400000,23178.51000000,23248.86000000,23110.38000000,23170.38000000,12520.73968000,1675097999999,290214048.66420590,337716,6224.18668000,144274248.28205660,0
1675098000000,23170.38000000,23237.86000000,23088.06000000,23108.94000000,11644.19512000,1675101599999,269774834.77065220,319256,5762.23486000,133508741.72310570,0
1675101600000,23109.92000000,23180.00000000,23067.34000000,23138.83000000,9788.90857000,1675105199999,226319499.71351830,285837,4842.32949000,111958427.99678910,0
1675105200000,23139.06000000,23141.82000000,22627.90000000,22784.86000000,24844.39080000,1675108799999,566326615.54193490,558908,11977.53618000,272971933.14440240,0
1675108800000,22784.86000000,22810.00000000,22558.88000000,22697.83000000,16318.16625000,1675112399999,370475095.70850800,390058,7953.37435000,180580929.64020020,0
1675112400000,22697.83000000,22794.80000000,22674.05000000,22743.70000000,9403.45069000,1675115999999,213938000.60724660,261764,4746.63887000,107992410.76024840,0
1675116000000,22744.64000000,22768.02000000,22500.00000000,22729.81000000,9085.44002000,1675119599999,206152875.43003840,264167,4482.58132000,101728324.54373600,0
1675119600000,22731.10000000,22840.69000000,22703.61000000,22826.15000000,9617.11516000,1675123199999,219054774.86062470,262873,4855.00341000,110593176.20599200,0
1675123200000,22827.38000000,22877.45000000,22714.77000000,22828.32000000,11523.71022000,1675126799999,262775754.77657200,286995,5789.24450000,132015504.68451810,0
1675126800000,22828.32000000,22862.00000000,22755.23000000,22830.23000000,8866.96260000,1675130399999,202343361.76825080,237011,4397.24262000,100353089.28656830,0
1675130400000,22830.23000000,22913.71000000,22817.30000000,22857.93000000,8902.28528000,1675133999999,203612250.38543540,234872,4340.34119000,99272634.00522430,0
1675134000000,22857.93000000,22869.94000000,22814.81000000,22835.01000000,5838.55706000,1675137599999,133387766.65146950,169809,2797.87758000,63922267.36117780,0
1675137600000,22835.46000000,22865.58000000,22800.33000000,22861.59000000,6810.39671000,1675141199999,155526965.98315980,175989,3532.84337000,80682390.71413960,0
1675141200000,22862.32000000,22873.01000000,22754.23000000,22759.14000000,7408.77393000,1675144799999,169176846.80977060,192227,3453.57706000,78868406.10792490,0
1675144800000,22759.14000000,22867.77000000,22743.05000000,22812.12000000,9607.79061000,1675148399999,219078144.36397500,240846,4963.55976000,113180522.10853830,0
1675148400000,22812.12000000,22989.48000000,22809.67000000,22978.24000000,11639.20648000,1675151999999,266655676.97821780,282070,5959.79714000,136543015.20710040,0
1675152000000,22978.24000000,22996.84000000,22835.01000000,22912.62000000,11420.32067000,1675155599999,261788174.80261060,310538,5635.09733000,129175689.47554340,0
1675155600000,22912.60000000,22942.13000000,22882.89000000,22891.34000000,6771.09473000,1675159199999,155117725.53821020,187713,3375.31861000,77327283.04588620,0
1675159200000,22892.45000000,22913.00000000,22815.00000000,22828.87000000,8807.57025000,1675162799999,201429106.17600610,244350,4235.55430000,96869066.72972850,0
1675162800000,22828.15000000,22881.44000000,22810.03000000,22865.43000000,8128.05264000,1675166399999,185723370.41048120,234344,4152.60149000,94887625.19583730,0
1675166400000,22865.97000000,22923.99000000,22851.01000000,22895.15000000,8860.36003000,1675169999999,202790993.78547330,254990,4516.08449000,103365247.47704320,0
1675170000000,22895.82000000,23127.50000000,22884.86000000,23127.11000000,19784.45250000,1675173599999,455095835.61768090,459432,10062.51947000,231479239.18143180,0
1675173600000,23126.94000000,23197.38000000,23056.00000000,23119.64000000,20608.66415000,1675177199999,476489612.05197030,477255,10132.44118000,234281801.39099290,0
1675177200000,23118.76000000,23206.84000000,23075.01000000,23121.80000000,15664.62570000,1675180799999,362421450.04040830,367054,8210.87880000,189980852.35281410,0
1675180800000,23121.80000000,23221.14000000,23081.08000000,23109.17000000,14714.98280000,1675184399999,340397656.36848720,364043,7302.32986000,168938364.60667990,0
1675184400000,23109.88000000,23182.13000000,23086.01000000,23152.42000000,9824.57802000,1675187999999,227253729.60655210,269089,4917.08297000,113743559.99159900,0
1675188000000,23151.76000000,23187.00000000,23115.06000000,23165.96000000,8376.46543000,1675191599999,193880748.86493720,240614,4217.15196000,97613715.57234580,0
1675191600000,23166.54000000,23188.58000000,23087.28000000,23163.88000000,9139.87470000,1675195199999,211552549.88308730,255342,4629.58694000,107162328.12136780,0
1675195200000,23162.99000000,23172.80000000,23045.07000000,23095.41000000,10546.57529000,1675198799999,243779263.23610840,278257,5310.79043000,122758161.05993430,0
1675198800000,23095.41000000,23124.34000000,22812.69000000,22948.69000000,17969.15727000,1675202399999,412552197.06215680,415960,8897.44872000,204285638.30752170,0
1675202400000,22947.66000000,23320.00000000,22872.12000000,23181.81000000,12479.54407000,1675205999999,287701569.43979630,329247,6735.94740000,155338118.27998380,0
1675206000000,23181.81000000,23188.70000000,23081.19000000,23125.13000000,10955.34795000,1675209599999,253328173.93766810,290364,5462.81000000,126324485.97679770,0
1675209600000,23125.13000000,23168.90000000,22997.10000000,23085.73000000,12121.64019000,1675213199999,279785863.47569260,310758,5920.42967000,136660177.26293370,0
1675213200000,23085.36000000,23184.29000000,23055.25000000,23123.09000000,9512.34705000,1675216799999,219853211.83902410,250750,4893.09793000,113094325.49396570,0
1675216800000,23123.10000000,23130.93000000,23078.50000000,23108.43000000,7108.81617000,1675220399999,164204643.78297120,188226,3515.37851000,81202795.16221250,0
1675220400000,23107.17000000,23134.59000000,23038.07000000,23130.19000000,6963.14876000,1675223999999,160808444.74812790,199591,3477.06752000,80305398.83377260,0
1675224000000,23130.70000000,23157.41000000,23107.83000000,23135.98000000,6849.16887000,1675227599999,158457238.96938520,197637,3373.22863000,78042731.23873910,0
1675227600000,23136.75000000,23167.39000000,23111.39000000,23118.67000000,7203.55757000,1675231199999,166712399.48564400,204118,3629.77486000,84005769.76458690,0
1675231200000,23118.68000000,23131.98000000,23048.25000000,23065.77000000,9050.34218000,1675234799999,209027499.80548780,256277,4393.59735000,101478538.51847080,0
1675234800000,23065.77000000,23115.54000000,23017.07000000,23076.68000000,9414.40529000,1675238399999,217215024.22168890,248756,4641.81674000,107101396.52315250,0
1675238400000,23076.67000000,23087.43000000,22938.16000000,22982.03000000,12329.59133000,1675241999999,283684934.99132460,328150,5999.04277000,138027699.56557970,0
1675242000000,22982.15000000,23021.87000000,22919.33000000,22991.86000000,8580.88945000,1675245599999,197219676.63569390,252600,4222.41624000,97050999.35881380,0
1675245600000,22992.69000000,23011.87000000,22942.84000000,22996.30000000,6854.90401000,1675249199999,157577574.23805100,193850,3382.91814000,77769333.04477780,0
1675249200000,22996.30000000,23100.00000000,22987.60000000,23077.52000000,9473.27665000,1675252799999,218414150.67281940,238873,4903.56766000,113054430.92903800,0
1675252800000,23078.43000000,23108.09000000,23048.10000000,23060.63000000,8027.88923000,1675256399999,185299432.50957030,216235,3941.89435000,90988897.84846500,0
1675256400000,23061.34000000,23140.89000000,23015.34000000,23086.10000000,13119.92700000,1675259999999,302966543.86086960,312604,6411.79574000,148063538.29773660,0
1675260000000,23086.78000000,23144.85000000,23028.88000000,23101.00000000,14518.97041000,1675263599999,335384294.02511390,362662,7284.67640000,168280807.14876120,0
1675263600000,23101.00000000,23111.78000000,22938.36000000,22979.73000000,18159.57255000,1675267199999,418227621.05507120,430092,8788.64720000,202417431.45970670,0
1675267200000,22979.73000000,23036.63000000,22918.20000000,22999.85000000,7567.43291000,1675270799999,174041422.43193570,250638,3773.31123000,86785251.67308940,0
1675270800000,23000.62000000,23038.93000000,22929.00000000,22994.27000000,8248.08199000,1675274399999,189618779.34143150,253739,4058.04156000,93295091.41009920,0
1675274400000,22993.32000000,23128.00000000,22943.47000000,23077.26000000,13755.66630000,1675277999999,317008370.96833560,352979,7015.58090000,161684586.00244300,0
1675278000000,23075.53000000,23494.77000000,22760.23000000,23385.99000000,48362.42475000,1675281599999,1118831284.13664250,1070272,24352.73895000,563480994.20571340,0
1675281600000,23385.99000000,23650.00000000,23320.01000000,23573.11000000,29029.31149000,1675285199999,681870944.35929660,655956,15010.94099000,352635459.26124080,0
1675285200000,23571.72000000,23800.00000000,23535.27000000,23681.05000000,22847.57559000,1675288799999,541552437.18561100,501798,11977.19323000,283903714.40773360,0
1675288800000,23681.05000000,23812.66000000,23654.83000000,23714.50000000,10835.68856000,1675292399999,257143722.67568460,305619,5695.57790000,135172111.19527160,0
1675292400000,23713.81000000,23786.38000000,23682.94000000,23732.66000000,10855.79441000,1675295999999,257636486.90962610,281033,5444.85031000,129228674.11282350,0
1675296000000,23731.41000000,24255.00000000,23690.02000000,24189.85000000,26407.16074000,1675299599999,631740107.31242080,576889,13778.13038000,329642725.64302040,0
1675299600000,24188.09000000,24209.91000000,23946.59000000,23950.55000000,16540.13997000,1675303199999,397778420.85506550,427525,8190.26731000,196972417.39131590,0
1675303200000,23950.55000000,23988.26000000,23830.02000000,23885.19000000,10559.08280000,1675306799999,252474219.68442550,299118,5295.18417000,126616226.31207030,0
1675306800000,23884.85000000,23934.00000000,23847.28000000,23848.60000000,7920.05056000,1675310399999,189239631.12401600,254033,3926.52303000,93823596.35952330,0
1675310400000,23848.60000000,23907.79000000,23838.30000000,23882.87000000,7784.41929000,1675313999999,185878013.98726780,234584,4089.60671000,97653525.61480180,0
1675314000000,23882.87000000,23921.10000000,23800.00000000,23804.61000000,8555.18843000,1675317599999,204198701.92461190,236069,4168.45272000,99501247.54669320,0
1675317600000,23803.74000000,23831.17000000,23658.20000000,23786.46000000,11976.68705000,1675321199999,284618964.05830480,307584,5719.67348000,135922779.87964210,0
1675321200000,23786.46000000,23832.28000000,23738.75000000,23781.12000000,8458.06064000,1675324799999,201231833.49616930,232931,4200.84423000,99946201.72072420,0
1675324800000,23780.65000000,23852.75000000,23766.16000000,23799.59000000,9533.64662000,1675328399999,226977033.84387630,251321,4832.13944000,115045420.82818960,0
1675328400000,23799.16000000,23836.00000000,23750.00000000,23830.91000000,8929.00130000,1675331999999,212417374.72917170,246043,4551.39054000,108279241.11430120,0
1675332000000,23830.23000000,23835.00000000,23770.80000000,23780.17000000,7433.76141000,1675335599999,176912696.10015180,206370,3664.07401000,87201074.01878340,0
1675335600000,23780.84000000,23850.68000000,23772.68000000,23820.49000000,8445.33577000,1675339199999,201140805.71256840,219055,4347.85461000,103555305.41790700,0
1675339200000,23820.49000000,23831.92000000,23760.83000000,23800.76000000,9612.75861000,1675342799999,228786331.77539640,257641,4678.88010000,111361309.59128120,0
1675342800000,23800.77000000,23816.92000000,23715.41000000,23766.53000000,13390.27586000,1675346399999,318310080.48867220,339727,6594.30899000,156762119.15236630,0
1675346400000,23766.53000000,23945.68000000,23525.00000000,23609.11000000,30987.36707000,1675349999999,737065753.17962400,660129,15284.11386000,363584874.14321030,0
1675350000000,23609.11000000,23927.21000000,23550.80000000,23839.50000000,29495.19429000,1675353599999,699478963.33140980,651136,15049.21818000,356902670.35652840,0
1675353600000,23839.50000000,23898.98000000,23765.09000000,23790.35000000,19698.71575000,1675357199999,469418305.30525470,475337,9648.39600000,229933358.91989680,0
1675357200000,23790.35000000,23935.05000000,23780.01000000,23893.33000000,14027.00706000,1675360799999,334566965.84927460,361892,7385.93421000,176175438.10287650,0
1675360800000,23894.10000000,24144.62000000,23889.88000000,24054.54000000,24227.07145000,1675364399999,582478311.95153250,581456,12453.88196000,299416228.22675380,0
1675364400000,24055.71000000,24071.00000000,23725.76000000,23802.57000000,25274.65630000,1675367999999,602718020.02629130,608548,12127.19786000,289180157.10674640,0
1675368000000,23802.57000000,23878.00000000,23748.55000000,23872.75000000,15880.07072000,1675371599999,377960231.63718730,420584,7948.75853000,189197693.40824960,0
1675371600000,23872.76000000,23924.81000000,23413.02000000,23455.65000000,24846.98228000,1675375199999,589237682.17953250,574069,11973.57629000,284001824.42085030,0
1675375200000,23455.65000000,23618.98000000,23363.27000000,23556.13000000,13508.07482000,1675378799999,317755246.46724540,385382,6693.68472000,157466477.89143400,0
1675378800000,23556.70000000,23595.50000000,23423.75000000,23488.94000000,10686.49872000,1675382399999,251313150.78564110,294877,5212.11185000,122574000.73942760,0
1675382400000,23489.33000000,23585.04000000,23436.06000000,23552.89000000,12175.93159000,1675385999999,286566942.29588040,330894,6127.55879000,144219014.61741490,0
1675386000000,23553.32000000,23590.11000000,23522.70000000,23555.12000000,8343.49653000,1675389599999,196568928.81587070,228787,4097.67485000,96544883.02741230,0
1675389600000,23555.12000000,23580.60000000,23411.47000000,23475.45000000,11027.45565000,1675393199999,259048729.68360860,285934,5444.72992000,127897754.01164300,0
1675393200000,23475.46000000,23536.35000000,23413.01000000,23534.18000000,10062.05078000,1675396799999,236354586.16651820,272301,5070.45458000,119106706.53987200,0
1675396800000,23533.64000000,23566.18000000,23507.21000000,23516.73000000,7602.35376000,1675400399999,178907110.40391660,208490,3813.33342000,89742581.92758770,0
1675400400000,23516.73000000,23549.37000000,23501.24000000,23523.58000000,7365.71730000,1675403999999,173310435.21383230,187436,3742.35365000,88056513.98329800,0
1675404000000,23523.57000000,23552.40000000,23505.90000000,23513.55000000,7860.88680000,1675407599999,184941738.23837510,201826,3989.01606000,93851379.58558730,0
1675407600000,23512.71000000,23545.28000000,23447.25000000,23456.23000000,12159.91792000,1675411199999,285632810.49372960,275670,6089.00186000,143031992.70555680,0
1675411200000,23456.22000000,23472.00000000,23322.30000000,23423.52000000,14543.10159000,1675414799999,340277926.59168150,334968,7282.07313000,170386831.74452480,0
1675414800000,23423.52000000,23447.24000000,23399.78000000,23423.17000000,9588.25811000,1675418399999,224619164.87260990,235237,4797.56663000,112392989.24713010,0
1675418400000,23423.17000000,23443.50000000,23352.79000000,23431.91000000,10798.49926000,1675421999999,252774314.82148770,251192,5543.83855000,129775132.19201060,0
1675422000000,23431.91000000,23541.70000000,23416.23000000,23534.13000000,12966.86651000,1675425599999,304445848.11286220,304808,6580.16690000,154500878.92787640,0
1675425600000,23533.32000000,23570.76000000,23486.13000000,23524.75000000,12241.75923000,1675429199999,288000612.32439470,306922,6124.23295000,144084420.69568550,0
1675429200000,23524.20000000,23546.34000000,23244.11000000,23346.63000000,28467.22024000,1675432799999,665719843.83354490,624083,14049.13167000,328542406.22436480,0
1675432800000,23346.63000000,23597.68000000,23227.16000000,23518.32000000,29442.95420000,1675436399999,689501741.60006940,633769,14999.67840000,351289964.38688840,0
1675436400000,23518.42000000,23710.80000000,23408.76000000,23603.36000000,32073.43094000,1675439999999,756583560.01824110,653302,15846.97083000,373812096.22170570,0
1675440000000,23604.62000000,23715.70000000,23513.73000000,23519.21000000,19302.96230000,1675443599999,455921754.26886600,441978,9565.88496000,225960470.43983120,0
1675443600000,23518.92000000,23662.39000000,23501.20000000,23506.58000000,15792.41074000,1675447199999,372241160.75405010,386533,7963.63211000,187715119.88786340,0
1675447200000,23508.21000000,23527.79000000,23366.00000000,23418.30000000,18823.73509000,1675450799999,441230127.22645310,459729,9419.14532000,220790041.90866540,0
1675450800000,23417.75000000,23439.16000000,23300.76000000,23307.99000000,14811.72400000,1675454399999,346387585.46737050,382135,7112.86283000,166353634.61091890,0
1675454400000,23308.05000000,23403.94000000,23204.62000000,23338.35000000,15863.22902000,1675457999999,369993379.62995710,396874,7756.28753000,180917753.43435230,0
1675458000000,23337.66000000,23394.35000000,23302.48000000,23379.01000000,7144.06114000,1675461599999,166870695.76893480,212176,3508.20548000,81949124.85763040,0
1675461600000,23379.01000000,23443.36000000,23375.88000000,23421.02000000,6806.34815000,1675465199999,159325397.57895370,194093,3430.13976000,80294846.64173250,0
1675465200000,23421.72000000,23472.00000000,23402.86000000,23431.90000000,7306.65819000,1675468799999,171266505.73297300,198709,3789.39228000,88825552.69681270,0
1675468800000,23431.90000000,23465.15000000,23382.01000000,23411.30000000,7788.02404000,1675472399999,182467122.76932630,227081,3815.66962000,89402466.03629220,0
1675472400000,23411.39000000,23442.24000000,23365.00000000,23373.87000000,6520.90978000,1675475999999,152674954.42426870,189913,3168.08339000,74177995.93455460,0
1675476000000,23373.87000000,23399.00000000,23347.72000000,23386.89000000,5698.03993000,1675479599999,133193220.45336700,180785,2792.59539000,65279678.46743550,0
1675479600000,23386.53000000,23393.89000000,23331.16000000,23343.43000000,5033.08151000,1675483199999,117578483.38544350,168339,2448.63882000,57202856.32859870,0
1675483200000,23343.12000000,23361.33000000,23314.14000000,23337.71000000,5635.97298000,1675486799999,131522561.23443870,180853,2757.59144000,64353531.08885880,0
1675486800000,23337.70000000,23338.78000000,23263.44000000,23312.38000000,6422.22929000,1675490399999,149657532.50147070,196269,3083.16380000,71847713.66113840,0
1675490400000,23312.76000000,23347.62000000,23253.96000000,23338.23000000,6239.71326000,1675493999999,145470142.97201640,184295,3094.54390000,72147423.32034290,0
1675494000000,23338.23000000,23357.33000000,23293.55000000,23329.18000000,6701.86025000,1675497599999,156352666.18384990,174886,3229.93391000,75355337.78155420,0
1675497600000,23329.18000000,23345.91000000,23296.01000000,23297.59000000,5445.02902000,1675501199999,126963428.43483670,154504,2605.76040000,60762189.70952500,0
1675501200000,23297.83000000,23353.76000000,23292.19000000,23340.02000000,7012.31149000,1675504799999,163569854.08994640,170925,3689.39584000,86060707.95940590,0
1675504800000,23340.02000000,23369.40000000,23331.24000000,23335.83000000,6319.79876000,1675508399999,147554724.18634520,185915,3095.46433000,72274420.91409720,0
1675508400000,23336.09000000,23376.27000000,23332.55000000,23363.76000000,4837.69160000,1675511999999,112986051.22870820,147851,2437.93565000,56939178.84503950,0
1675512000000,23364.14000000,23417.52000000,23340.44000000,23412.84000000,6915.51879000,1675515599999,161641484.68212760,211774,3529.99541000,82511173.78789270,0
1675515600000,23412.84000000,23587.78000000,23408.19000000,23503.73000000,18494.86400000,1675519199999,434874036.74453210,429914,9626.71345000,226354139.11353880,0
1675519200000,23503.75000000,23510.00000000,23393.32000000,23464.36000000,8716.60988000,1675522799999,204429308.86109280,252093,4245.64649000,99574947.16516760,0
1675522800000,23464.36000000,23473.47000000,23387.67000000,23421.45000000,7252.55532000,1675526399999,169919524.34830980,225396,3533.64718000,82790347.60415310,0
1675526400000,23421.45000000,23455.52000000,23358.57000000,23407.83000000,8500.81711000,1675529999999,198992349.45976800,249729,4085.21906000,95634761.21895690,0
1675530000000,23408.28000000,23465.00000000,23392.28000000,23439.63000000,7603.54367000,1675533599999,178093276.97697200,236274,3825.81030000,89611514.52770480,0
1675533600000,23439.01000000,23472.50000000,23402.22000000,23445.66000000,6501.30189000,1675537199999,152386763.63270750,206230,3237.92456000,75897289.44357240,0
1675537200000,23445.66000000,23454.94000000,23415.01000000,23425.89000000,4277.87142000,1675540799999,100260979.69348680,156574,2076.59403000,48669971.71226620,0
1675540800000,23425.28000000,23442.27000000,23389.00000000,23412.48000000,5484.38416000,1675544399999,128427942.69332630,170166,2553.28879000,59792525.98456580,0
1675544400000,23412.48000000,23418.42000000,23372.92000000,23413.98000000,4614.64216000,1675547999999,108006061.79287420,152567,2260.49657000,52908192.44592870,0
1675548000000,23413.54000000,23449.96000000,23391.26000000,23402.89000000,4638.30091000,1675551599999,108614724.66810090,145155,2260.83161000,52944004.61801600,0
1675551600000,23402.89000000,23423.67000000,23259.62000000,23326.84000000,9471.40173000,1675555199999,221140412.37873510,254916,4408.98751000,102951130.02034540,0
1675555200000,23327.66000000,23371.99000000,23230.00000000,23291.00000000,9671.24209000,1675558799999,225396499.47541310,274940,4733.77927000,110329800.90420560,0
1675558800000,23290.99000000,23333.06000000,23261.22000000,23319.48000000,5783.19791000,1675562399999,134786591.12241080,203277,2975.73173000,69355899.23426610,0
1675562400000,23319.86000000,23347.59000000,23292.00000000,23292.21000000,5444.09162000,1675565999999,126994832.88074890,159168,2717.74502000,63398915.05699270,0
1675566000000,23292.22000000,23349.73000000,23289.40000000,23344.53000000,6152.28873000,1675569599999,143461488.09175520,170665,3190.97910000,74410630.15082590,0
1675569600000,23344.53000000,23377.54000000,23326.23000000,23364.00000000,5037.21360000,1675573199999,117613614.96221260,146291,2550.83950000,59560557.51686920,0
1675573200000,23364.33000000,23390.00000000,23360.73000000,23375.60000000,4740.79244000,1675576799999,110813738.22001940,130847,2416.23960000,56479673.48110130,0
1675576800000,23375.12000000,23433.33000000,23343.51000000,23392.80000000,6465.15081000,1675580399999,151159507.14654840,161154,3256.09869000,76130932.18095530,0
1675580400000,23392.35000000,23404.60000000,23360.92000000,23377.40000000,4231.56632000,1675583999999,98948623.82038070,118258,2092.14965000,48922488.43547610,0
1675584000000,23377.03000000,23419.74000000,23363.98000000,23393.26000000,5924.89158000,1675587599999,138563332.42331220,169672,2987.99253000,69881010.67325440,0
1675587600000,23393.26000000,23398.20000000,23356.40000000,23365.02000000,5404.85788000,1675591199999,126351086.87741360,149924,2656.39862000,62100219.84958660,0
1675591200000,23365.02000000,23404.23000000,23360.86000000,23395.57000000,5787.27193000,1675594799999,135314322.55654720,150642,2967.55323000,69386480.32714780,0
1675594800000,23396.12000000,23404.53000000,23345.00000000,23356.33000000,7010.70036000,1675598399999,163884318.59657050,184900,3427.23606000,80118399.16808590,0
1675598400000,23356.86000000,23374.80000000,23000.01000000,23170.56000000,15435.67672000,1675601999999,358877910.43722060,369336,7316.05721000,170111822.71165210,0
1675602000000,23170.56000000,23218.28000000,23070.02000000,23167.62000000,15897.13766000,1675605599999,367955602.35430380,414053,8010.72590000,185422418.22930090,0
1675605600000,23166.96000000,23212.16000000,23140.00000000,23163.45000000,9505.48223000,1675609199999,220286346.06664770,281109,4798.05592000,111197205.01922850,0
1675609200000,23163.45000000,23203.64000000,23060.01000000,23096.16000000,10713.90542000,1675612799999,247876060.74544800,316865,5220.38935000,120777715.84815510,0
1675612800000,23096.92000000,23157.75000000,22990.80000000,23075.54000000,12824.13549000,1675616399999,296120869.28746740,355085,6343.46035000,146490534.26852860,0
1675616400000,23075.53000000,23108.30000000,22807.99000000,22851.48000000,21945.26322000,1675619999999,503881909.97723060,541610,10642.35936000,244387212.03161920,0
1675620000000,22851.48000000,22950.90000000,22815.00000000,22843.92000000,10547.34873000,1675623599999,241328407.13225010,316791,5353.59897000,122501251.49538750,0
1675623600000,22843.92000000,22916.33000000,22743.00000000,22891.80000000,11267.40675000,1675627199999,257540947.89178880,319723,5518.86424000,126159906.22685910,0
1675627200000,22892.65000000,22942.03000000,22852.01000000,22886.30000000,6973.04337000,1675630799999,159601475.43214550,237968,3453.45580000,79047744.38219330,0
1675630800000,22886.90000000,22897.86000000,22795.01000000,22896.41000000,6714.17625000,1675634399999,153524980.96486200,229849,3327.42657000,76086904.55129120,0
1675634400000,22896.41000000,23030.00000000,22887.13000000,22979.51000000,7698.39571000,1675637999999,176813267.20211230,254777,3939.44376000,90476103.92563310,0
1675638000000,22979.51000000,23005.81000000,22900.91000000,22932.91000000,8076.10235000,1675641599999,185367283.16912440,247012,3988.64269000,91552795.45171820,0
1675641600000,22932.91000000,23094.92000000,22918.61000000,23050.39000000,8222.12818000,1675645199999,189290140.47547560,265055,4316.77955000,99379573.16644970,0
